{
    "int":{
        "file":"number.comp",
        "type":"number",
        "step":1
    },
    "Integer":{
        "file":"number.comp",
        "type":"number",
        "step":1
    },
    "double":{
        "file":"number.comp",
        "type":"number",
        "step":0.01
    },
    "Double":{
        "file":"number.comp",
        "type":"number",
        "step":0.01
    },
    "boolean":{
        "file":"check.comp",
        "type":"check",
        "step":0
    },
    "Boolean":{
        "file":"check.comp",
        "type":"check",
        "step":0
    },
    "String":{
        "file":"plain.comp",
        "type":"text",
        "step":0
    },
    "LocalDate":{
        "file":"plain.comp",
        "type":"date",
        "step":0
    },
    "LocalTime":{
        "file":"plain.comp",
        "type":"time",
        "step":0
    },
    "LocalDateTime":{
        "file":"plain.comp",
        "type":"datetime-local",
        "step":0
    }
}